,loss,acc
0,1.1680694061146804,0.5383502187156125
1,0.9534193778521073,0.6707670035652072
2,0.8931626801725406,0.6765557173882139
3,0.8778573620509135,0.6816208406571196
4,0.8524171954988571,0.6931982623512941
5,0.8212853911644126,0.6953690318571331
6,0.8163064363723899,0.6989869767781104
7,0.8130125902841129,0.6931982625238112
8,0.8049920845652799,0.6939218520428095
9,0.794633480643398,0.7011577435236764
10,0.7864828373692315,0.6960926184433414
11,0.7808636096555486,0.7011577414534717
12,0.7907661390201055,0.6997105657795576
13,0.7738650447207835,0.69681620735853
14,0.7632588331847736,0.6975397963599772
15,0.7678403506748238,0.6960926205135461
16,0.7603251261234973,0.6982633879491803
17,0.7581745928689816,0.700434152538283
18,0.7532576897037357,0.7004341548672633
19,0.7591614572253138,0.6968162095149933
20,0.7455776598622589,0.699710565520782
21,0.7379028477993095,0.698986976691852
22,0.7433781585886579,0.7018813305411774
23,0.7330734765132844,0.6975397986889575
24,0.7280644099032655,0.6968162076173057
25,0.7272291594062287,0.7011577419710229
26,0.7278681874447724,0.7062228643773434
27,0.7079884805831136,0.7004341522795074
28,0.7078351745902198,0.7033285107867935
29,0.7010936701694549,0.7033285105280179
30,0.7211822633632875,0.7004341547810048
31,0.7020527787733009,0.7047756889622049
32,0.704679855561981,0.7026049215265707
33,0.6951766762823168,0.7062228645498604
34,0.6928245558062441,0.7011577414534717
35,0.6810128826825905,0.707670044709218
36,0.6885199926351501,0.7062228644636019
37,0.6809687417771467,0.706222864808636
38,0.6772960163922455,0.7076700422939792
39,0.6640493853392373,0.7120115786316425
40,0.6689138176989797,0.7170766993127925
41,0.6727395461368146,0.7134587546505907
42,0.6655955386230811,0.7199710555773569
43,0.6658725857562163,0.7098408117135596
44,0.6593879764055895,0.7170766994853096
45,0.6510990138681856,0.7235890006708512
46,0.6535035445962732,0.7286541257511863
47,0.6480225066717731,0.7214182334939926
48,0.6576511432914072,0.7199710577338201
49,0.6420500539836249,0.7206946443200284
50,0.6617587935044693,0.7257597673301587
51,0.6296189733593578,0.7358900136954533
52,0.6369495980991469,0.7337192483300238
53,0.6388031554808665,0.7250361786737456
54,0.6344478326147441,0.730824890685323
55,0.6304530561746633,0.7344428354337833
56,0.6313279826630732,0.7438494946953185
57,0.6322325991652636,0.7416787277772354
58,0.633929202939598,0.7380607805272777
59,0.6175682431709577,0.7496382067068958
60,0.6156735493546802,0.7402315474453607
61,0.608496579523542,0.7409551385170127
62,0.621980177510837,0.7489146151176928
63,0.6229260286960518,0.7380607827699995
64,0.6069986828846801,0.752532562453909
65,0.6173291505676965,0.7503617956220845
66,0.6141627584456018,0.7460202615271428
67,0.6287350922003496,0.7510853821220342
68,0.611530261343364,0.74674385052859
69,0.6082065384915872,0.7510853823808099
70,0.6054186138678909,0.7583212745517449
71,0.5990990853171617,0.7612156286598459
72,0.6056909789742333,0.7496382045504326
73,0.6113269170355349,0.7474674398750714
74,0.6057741735157505,0.7568740964625921
75,0.5970079908322667,0.7691751069856967
76,0.598677170086873,0.7583212724815401
77,0.603056341366554,0.7626628061451891
78,0.6045409132188723,0.7554269166482686
79,0.5970109748598809,0.7575976855502977
80,0.5957326528477427,0.7713458745075894
81,0.5929880939240738,0.7691751075032478
82,0.6021323138915337,0.7677279289828023
83,0.5723855425583471,0.764109984234342
84,0.5851506383822727,0.7727930524242252
85,0.5971001961124272,0.769898696332178
86,0.5872408540652561,0.7626628088192036
87,0.5893265806817801,0.7670043400676136
88,0.5883524285901646,0.7713458745075894
89,0.5853195845994521,0.7727930544944299
90,0.5804652539762505,0.7612156283148118
91,0.5862590263445367,0.7720694632502609
92,0.5836769723685191,0.7771345884168545
93,0.5765081744980709,0.7778581776770772
94,0.584191323922443,0.7626628082153939
95,0.579124561396418,0.7655571623234949
96,0.5957601639710356,0.7626628064039647
97,0.5766100812751892,0.7633863974756167
98,0.5647495440739798,0.7612156305575336
99,0.5735208771680785,0.7655571624960119
100,0.5829041236216356,0.78075253109511
101,0.5633982989273955,0.7727930545806885
102,0.5687123694054125,0.7836468871871572
103,0.5759128794483787,0.7641099843206005
104,0.5899248587239841,0.7691751075895064
105,0.5742274063885988,0.7633863950603778
106,0.5586472821304663,0.7785817644358026
107,0.5671406012195581,0.7778581776770772
108,0.5803584709181282,0.774240230340861
109,0.5771561120077429,0.7771345864329082
110,0.5773780545173954,0.7655571623234949
111,0.5718113217616047,0.7670043403263892
112,0.5730171186361576,0.7698986960734023
113,0.5597072891492056,0.7771345859153571
114,0.5371792981058747,0.788712010111029
115,0.5675461684311868,0.7785817660747147
116,0.5789113347506213,0.774240230340861
117,0.571714959769104,0.7691751076757649
118,0.559182948124219,0.7756874083437554
119,0.5481956198315544,0.7793053555937131
120,0.5578381967354787,0.7821997090980044
121,0.5577632453610687,0.7756874085162725
122,0.5770915580209879,0.7670043424828525
123,0.5572030100049572,0.7764109996741829
124,0.556874908258877,0.7713458764052771
125,0.5589109652294264,0.7785817642632855
126,0.5502302209306211,0.782923300600949
127,0.5551820678579824,0.7821997092705214
128,0.5516338672720748,0.7727930525104837
129,0.5641590013949123,0.767004342396594
130,0.5661690587935331,0.768451518243025
131,0.5731649201271676,0.7583212725677987
132,0.542871357304315,0.7749638214987715
133,0.5591916563541948,0.7720694658380169
134,0.5574248252832769,0.7785817643495441
135,0.5411027842423678,0.7829232985307443
136,0.5436568895918243,0.7901591883726989
137,0.5479062013274164,0.78437047644738
138,0.5278734067069466,0.7901591907016793
139,0.5327697563619931,0.7771345885893716
140,0.5490195099938278,0.7735166435821357
141,0.5398279724348817,0.7858176566067376
142,0.5443929461425362,0.7735166415119309
143,0.5504649962944164,0.7807525313538857
144,0.5450869656333702,0.7865412432792045
145,0.5505779509778995,0.7771345861741327
146,0.5411571542882022,0.7865412454356678
147,0.5661827523352958,0.7764109975177196
148,0.5448218709566831,0.7785817641770271
149,0.5427548170693531,0.7735166410806382
150,0.550792625688782,0.7756874086887895
151,0.535646576267248,0.7735166434958771
152,0.5423503632828399,0.7778581774183017
153,0.5555371199606469,0.7785817666785244
154,0.5265503157410021,0.7945007245378453
155,0.5425870057987925,0.7771345885893716
156,0.5365693100799528,0.7858176562617035
157,0.5368701648263614,0.7771345865191668
158,0.5466097597620422,0.7771345863466498
159,0.5432620189124354,0.7807525312676271
160,0.5314642115888306,0.775687410241443
161,0.5385369749904196,0.782199709184263
162,0.5218162926509653,0.7858176563479621
163,0.5382095016377362,0.7836468895161376
164,0.5394893156636814,0.7677279313117826
165,0.5362515886854677,0.7778581776770772
166,0.5349994444985121,0.7821997115132433
167,0.5278588259099362,0.7952243111240536
168,0.5271835164119815,0.7879884213683575
169,0.5479463289684566,0.7713458743350723
170,0.5374265518012509,0.7756874103277016
171,0.5388835919144874,0.7800289422661799
172,0.5341985690610971,0.7850940673465149
173,0.5321507108021749,0.7887120101972875
174,0.5067649828714849,0.7923299553770404
175,0.521477169307372,0.7916063685320566
176,0.5385438105476921,0.7756874105864772
177,0.5272767154766751,0.7814761204415913
178,0.5156111605519323,0.7908827773741461
179,0.5340231206758668,0.7850940652763102
180,0.5001006524055636,0.7995658454777708
181,0.5340532450013499,0.7785817664197489
182,0.5210387397519759,0.7908827773741461
183,0.5226406334278035,0.7872648323669102
184,0.5214134690644254,0.7843704759298289
185,0.5255426076145144,0.7887120101972875
186,0.5204297223070423,0.7778581752618384
187,0.5333213106595659,0.7764109995879244
188,0.5471278377276254,0.7619392195589808
189,0.5126080932216948,0.797395077955878
190,0.5282978165339457,0.77496382158503
191,0.49337205898917014,0.8031837903987481
192,0.5503604420704711,0.7641099867358394
193,0.5140603301149029,0.7858176542777574
194,0.52367743340829,0.7843704784313262
195,0.539525239408965,0.776410997258944
196,0.5279837060078181,0.780028942438697
197,0.5057629000950826,0.7879884211958403
198,0.5200823968985319,0.7894355993712517
199,0.5126808025212433,0.7872648323669102
200,0.5226834741584127,0.7872648325394273
201,0.5317983984429654,0.7793053533509913
202,0.5136788874735191,0.7771345885893716
203,0.5105340225479192,0.7887120102835461
204,0.5213739685660334,0.7785817665060074
205,0.5263586709364796,0.7872648323669102
206,0.5086047337558957,0.7858176540189817
207,0.5208667775915259,0.7821997094430385
208,0.49822650726900775,0.7843704785175848
209,0.5150903701437193,0.7887120101972875
210,0.506705704801507,0.7930535444647462
211,0.5044962798721021,0.7966714892132065
212,0.5055590724807054,0.7829233007734661
213,0.5107055489302716,0.7814761224255375
214,0.5011261958634284,0.7894355993712517
215,0.5179823928562501,0.7800289446814188
216,0.4897690929483229,0.80318379264147
217,0.5060286362333339,0.7887120107148388
218,0.5124534419407548,0.7894356015277151
219,0.5061571138295009,0.7800289445089017
220,0.5132180828433996,0.801013023308148
221,0.5171148400058277,0.7764109973452026
222,0.5238503656321772,0.7756874083437554
223,0.5292123388364243,0.7821997092705214
224,0.5016717269003133,0.7923299575335038
225,0.496827356247757,0.7981186674748765
226,0.4989277073512374,0.777858175520614
227,0.4986143901448174,0.7952243112103121
228,0.5111646963614976,0.7756874086025309
229,0.5185154744581617,0.7764109975177196
230,0.5122585930631061,0.789435601182681
231,0.5145905024753465,0.789435601355198
232,0.49081443325655505,0.7850940653625686
233,0.512156350740303,0.7793053552486789
234,0.49994505404908474,0.7966714911108942
235,0.4961680472328418,0.7995658477204926
236,0.48165118349271296,0.7981186673023594
237,0.5031106422848018,0.7793053535235084
238,0.510572612285614,0.7887120101972875
239,0.5085766478488828,0.7865412458669605
240,0.5018193204220055,0.7850940651900516
241,0.4984804026124791,0.7887120126987849
242,0.4861647004932812,0.7966714892132065
243,0.4876096061445697,0.8017366123095953
244,0.5099343590211938,0.7814761226843131
245,0.49206819345395575,0.7872648321081347
246,0.5039474950340481,0.7901591906154207
247,0.49517918844989,0.7923299574472452
248,0.5055670714067826,0.7916063663755933
249,0.5165998538910221,0.7742402327560999
250,0.49221182378432166,0.7901591882864404
251,0.5128711932992452,0.7756874083437554
252,0.5038911736477302,0.7836468872734158
253,0.4939088104602742,0.7872648321943931
254,0.49710434278427434,0.7821997095292971
255,0.5003826212779485,0.7836468896886547
256,0.49727046705361905,0.7901591884589575
257,0.4918015594937867,0.7872648322806517
258,0.48607731288145317,0.7937771353638811
259,0.4829500239509577,0.8010130252920943
260,0.48421821433797413,0.8039073817291756
261,0.49258614405881823,0.7814761203553328
262,0.4885222358917534,0.7988422586327869
263,0.47235285463795473,0.8068017373899302
264,0.5025964283563639,0.7749638216712885
265,0.5002743758358245,0.7829232981857102
266,0.4672491735470105,0.801736614552317
267,0.49399011102323076,0.7923299575335038
268,0.4866963731052216,0.7916063662893348
269,0.4738290839964678,0.80318379264147
270,0.4820620211868314,0.794500722381382
271,0.47547583335905447,0.793777135191364
272,0.4887372973858879,0.7959479027132567
273,0.48187790627762483,0.800289434479218
274,0.48412332857396945,0.7887120103698045
275,0.4833125484144981,0.7995658453052538
276,0.48718848949575905,0.7850940655350858
277,0.4920016872210026,0.7872648344371149
278,0.49594079978041644,0.7894356016139735
279,0.4731208834737841,0.8039073819879513
280,0.48876401945927034,0.7916063662030762
281,0.4981769789145065,0.7872648345233735
282,0.4905143262853498,0.7800289447676774
283,0.4752660400615587,0.8068017356647597
284,0.4777159234549306,0.8053545574893483
285,0.4649035682208976,0.8031837903124897
286,0.47754978598803066,0.7959479003842763
287,0.4844826528891468,0.7887120125262679
288,0.48667368603339245,0.8002894364631642
289,0.4828788607493151,0.8053545573168311
290,0.49347356958085653,0.786541245780702
291,0.4773679259199482,0.7930535444647462
292,0.47162810584743187,0.8089725046530474
293,0.4633674290349273,0.8125904469862688
294,0.48241890546381905,0.8068017375624473
295,0.4802372634152083,0.7901591883726989
296,0.4759936840765383,0.8024602035537642
297,0.4873781651474115,0.8002894339616667
298,0.4693749444788341,0.8010130233944066
299,0.48402868278119743,0.8024602037262814
300,0.4782160775016255,0.7945007247966209
301,0.46448120315237085,0.8053545594732944
302,0.48148236200536904,0.7981186673886179
303,0.4804555609843838,0.7945007222951235
304,0.4774661926733257,0.8010130235669237
305,0.4700495717149395,0.8017366144660585
306,0.49092174180164694,0.7908827773741461
307,0.47400814152488485,0.8053545572305726
308,0.4833756810331828,0.78219970935678
309,0.4865736512820386,0.8010130254646114
310,0.47405966292586926,0.7952243112965707
311,0.46714848374837387,0.8046309702993302
312,0.46398418149796306,0.8125904471587859
313,0.47112389902992635,0.801013023308148
314,0.4550034215757367,0.8133140384029548
315,0.4886738766205811,0.7894355991124762
316,0.4801747153274575,0.7945007221226065
317,0.46092493252022737,0.8089725041354962
318,0.46850484156746597,0.7988422561312895
319,0.4803250929726188,0.7887120127850434
320,0.4793658198737546,0.802460201397301
321,0.4821918081874958,0.7901591906154207
322,0.45017100475976507,0.8263386381862823
323,0.4751076761703243,0.8039073792276783
324,0.47345252811649946,0.7916063685320566
325,0.48780412046850674,0.7937771332936763
326,0.47894040280589145,0.7973950784734293
327,0.4711558755848411,0.7930535462761753
328,0.466502437715765,0.7995658452189952
329,0.46565131840933593,0.80535455973207
330,0.46157429670286937,0.8198263376045503
331,0.46284676887709564,0.8046309681428669
332,0.4619723068908741,0.8147612163195906
333,0.47761929656248187,0.7952243112965707
334,0.4455787540344702,0.8118668584161143
335,0.4650611787732534,0.8075253241486556
336,0.4656084193248307,0.8060781463182783
337,0.459493504160565,0.8183791614130851
338,0.46772954027490576,0.8039073794864539
339,0.46630076044030194,0.8075253267364115
340,0.46587198713926437,0.8075253241486556
341,0.45512265557835657,0.8162083922522803
342,0.46911015947027246,0.8104196827422002
343,0.4820333838721605,0.8024602009660083
344,0.46687379867571654,0.8075253263913774
345,0.46496603483746607,0.8075253243211727
346,0.47177029885189925,0.7988422561312895
347,0.45829901241531595,0.8183791595153974
348,0.4744769675082995,0.8053545593870359
349,0.4819171308781062,0.8010130255508698
350,0.4668760071097511,0.8082489132363614
351,0.4643684251263587,0.8039073791414197
352,0.4492869730364914,0.8118668604000605
353,0.48441111808575354,0.7923299553770404
354,0.4692517455597172,0.812590449142732
355,0.4524496935210939,0.7959479004705349
356,0.462045959470586,0.802460201397301
357,0.4370649237881176,0.8285094053631409
358,0.4416961597896002,0.8154848031645746
359,0.4827398622001477,0.7908827795306094
360,0.44880329510237477,0.8140376252479388
361,0.4368005441515215,0.8169319811674689
362,0.4690378848274606,0.7973950806298925
363,0.4621045711934135,0.8104196825696832
364,0.47305364706236785,0.7995658451327367
365,0.4607844173304424,0.8125904496602833
366,0.4631731074988066,0.8039073792276783
367,0.4615692462658917,0.8096960913255142
368,0.4687916131854575,0.8039073795727124
369,0.462757892572414,0.8010130252058357
370,0.455701190854292,0.8212735173326153
371,0.4578551201502942,0.8053545574030897
372,0.48042196026759276,0.7966714892132065
373,0.4569657256910321,0.8096960932232019
374,0.4604341811709397,0.8096960934819775
375,0.4620652484307241,0.7937771331211593
376,0.47502691899298244,0.795224313625551
377,0.4655617280565364,0.8111432715711304
378,0.4498353371916908,0.8191027481718105
379,0.4687129376421099,0.8039073815566586
380,0.4592755146637322,0.8133140385754719
381,0.4845188149667511,0.8010130254646114
382,0.4718861083045882,0.8002894365494228
383,0.4637422116551489,0.8039073813841415
384,0.47711575867988265,0.7916063683595395
385,0.47415391904572846,0.7952243135392925
386,0.4750145393842899,0.7952243135392925
387,0.470312408703971,0.8002894360318715
388,0.45515906254392974,0.8263386401702285
389,0.4456377668594658,0.8191027485168446
390,0.4425603621861697,0.8082489133226198
391,0.44551212255413036,0.8118668581573387
392,0.44364762461478735,0.8183791589115877
393,0.4605677194688496,0.8082489153928246
394,0.4466788069211626,0.815484805493555
395,0.4630782096586076,0.8089725020652915
396,0.4394605355135094,0.8183791592566219
397,0.4691969678560663,0.7995658454777708
398,0.463737143147009,0.8053545594732944
399,0.4366521840933953,0.8299565853499814
400,0.46792669958730165,0.8154848033370916
401,0.44159800521544196,0.819102748085552
402,0.45817082059366143,0.8053545573168311
403,0.45530334214225693,0.7995658453052538
404,0.4440862868956995,0.8198263393297209
405,0.455963082924248,0.7981186672161008
406,0.4684172268369263,0.8010130232218896
407,0.43874921704684255,0.8140376274906606
408,0.46187290631223865,0.8060781484747416
409,0.4599035705309011,0.8082489154790832
410,0.45109157141314227,0.8183791614993436
411,0.4735719376121002,0.8118668605725775
412,0.4532699456004434,0.8162083922522803
413,0.44667088062476834,0.8212735175051323
414,0.45381612413698963,0.8096960937407531
415,0.44245463933164925,0.8306801744376872
416,0.4431263168710358,0.8068017374761888
417,0.4612314561772795,0.8104196823971661
418,0.4462329742273615,0.8147612141631274
419,0.4315651756550917,0.8314037611964125
420,0.4547965960892513,0.8147612162333322
421,0.44364438241539056,0.8227206935240805
422,0.45606730410400587,0.8104196800681858
423,0.44370013682438564,0.8169319834964492
424,0.4600240410495598,0.8089725024103256
425,0.4500536305341983,0.8039073814704001
426,0.4631043696714034,0.8191027502420152
427,0.45166726045946654,0.806801735233467
428,0.46943738573539445,0.795224313625551
429,0.4483520691370654,0.8039073816429171
430,0.45652896381494107,0.8060781484747416
431,0.4421043957970422,0.8082489131501028
432,0.44560403265759846,0.8068017353197255
433,0.44406310720140096,0.815484805493555
434,0.45020178232110186,0.807525326477636
435,0.43709795002309354,0.8198263372595161
436,0.4383802900007251,0.8205499285036851
437,0.4563814210995234,0.8068017353197255
438,0.4475065000495414,0.8053545594732944
439,0.42710208120808413,0.8169319812537275
440,0.4539542999091611,0.8068017351472084
441,0.45192209037098974,0.8169319835827078
442,0.4316261503441116,0.8191027481718105
443,0.4041761708932399,0.8386396512108842
444,0.44019406365416675,0.8248914599246123
445,0.45059792686647343,0.8183791590841047
446,0.451830674356386,0.8118668607450946
447,0.44519951836072585,0.8111432710535792
448,0.43111042068077066,0.8285094072608286
449,0.431794798667455,0.8198263373457747
450,0.4471555393183801,0.8212735176776494
451,0.4361870976329367,0.8096960936544946
452,0.4540783850915525,0.8024602032949887
453,0.4217876353760704,0.8205499283311681
454,0.45748219821284025,0.8169319812537275
455,0.44823791546000413,0.8104196823109077
456,0.44411548096605735,0.8176555703414332
457,0.4412929309604827,0.817655572756672
458,0.4602298318649684,0.8162083924247974
459,0.45173642858755053,0.8089725022378085
460,0.44431582895443167,0.8068017351472084
461,0.4284473682623006,0.8169319811674689
462,0.4339969037410664,0.8205499280723925
463,0.43194332964685994,0.832127352354323
464,0.4330705154994462,0.8219971040913406
465,0.4392379770748177,0.805354556971797
466,0.4198731103354011,0.8321273521818059
467,0.41937675791780443,0.8191027482580691
468,0.44777273152740577,0.821273515176152
469,0.4432435672293524,0.8060781463182783
470,0.4348835347357776,0.814037627404402
471,0.44362380634858534,0.8169319811674689
472,0.4487292792448604,0.8046309706443643
473,0.4416409505345197,0.8176555724116379
474,0.4291233205156975,0.8292329942783295
475,0.4541267821222932,0.8111432691558915
476,0.42206227386912115,0.8133140362464916
477,0.41838578209173144,0.8277858182593814
478,0.449150923882138,0.801013023308148
479,0.445486304211375,0.822720693437822
480,0.42322108572195305,0.821997106420321
481,0.4446633778156661,0.814761214421903
482,0.4248874767558102,0.8198263373457747
483,0.4431614865011141,0.8060781484747416
484,0.4536551570926837,0.8205499266059975
485,0.433564491710166,0.8154848054072964
486,0.42986762014725793,0.8234442823530106
487,0.4306079855703583,0.8241678710956822
488,0.44912595514278164,0.811143269069633
489,0.43542102095704693,0.8125904498328004
490,0.43454444770702577,0.8125904472450444
491,0.4316445275515792,0.8118668582435973
492,0.4379609487681244,0.8176555700826575
493,0.45974132832673453,0.8031837923826943
494,0.42582338108167633,0.8277858162754351
495,0.43747024382592625,0.8104196803269614
496,0.4486309909699795,0.8125904492289906
497,0.4262316362385122,0.8133140360739746
498,0.43524263486503345,0.8198263370869991
499,0.44650420399892177,0.8191027505007908
500,0.4290464353112857,0.8169319832376737
501,0.4372826165987338,0.8183791593428804
502,0.4477177819536322,0.8162083946675192
503,0.42190796106665596,0.824167873338404
504,0.4433581517677749,0.8183791614130851
505,0.41578278540702357,0.8314037611964125
506,0.4249325551620958,0.8277858162754351
507,0.43798580752785404,0.8162083947537777
508,0.4442012032275607,0.8198263371732577
509,0.4336135098885869,0.8314037636116514
510,0.4216103305778697,0.8248914625123682
511,0.4448855022876894,0.8176555703414332
512,0.4544833775194613,0.8046309681428669
513,0.4488554955305135,0.8082489134088784
514,0.4418772778618008,0.8256150511687813
515,0.4273194834999686,0.8306801744376872
516,0.43535886530248197,0.8292329940195539
517,0.4452939806816029,0.8198263395022379
518,0.4338310145693474,0.8096960913255142
519,0.4291326693446522,0.8256150494436106
520,0.44329405318293313,0.8010130232218896
521,0.43067315121635513,0.8241678710956822
522,0.44074541183698024,0.8205499287624608
523,0.450381417091607,0.8133140365915257
524,0.4378583783178702,0.8212735175051323
525,0.4508869348231342,0.8010130254646114
526,0.42024547267063656,0.8234442845094738
527,0.43259965286586116,0.8183791591703633
528,0.4373870603686304,0.8183791615856022
529,0.4331715161306986,0.8335745283732711
530,0.43721683178900295,0.8154848054072964
531,0.4480158856998477,0.8219971042638577
532,0.44729014635948644,0.8060781483022246
533,0.4315686681336156,0.814761214249386
534,0.4133261084211545,0.8335745304434758
535,0.4359444324601059,0.8183791614993436
536,0.4340978607686315,0.8191027505007908
537,0.4147570871582252,0.82995658543624
538,0.418127359857435,0.8263386381000237
539,0.41486098133189286,0.8350217062899069
540,0.4268989751463171,0.821273515003635
541,0.4378824947366839,0.8248914602696464
542,0.4218206822699645,0.8321273501978597
543,0.418524337013275,0.8328509416145458
544,0.41329708971438983,0.8256150515138154
545,0.3954709260232542,0.846599132469525
546,0.4289337802036799,0.8285094054493993
547,0.4075635201506608,0.8393632401260729
548,0.41015319088433483,0.83719247320799
549,0.4090649187133557,0.8386396510383672
550,0.4092933967731106,0.8451519523964259
551,0.43232977942343903,0.8422575983745835
552,0.41315825729915273,0.8270622296029683
553,0.40579159227880485,0.8451519541215966
554,0.40439734854849996,0.8473227212984552
555,0.3869101580248555,0.8437047743935316
556,0.4302001689950223,0.823444282094235
557,0.40853702896928307,0.8408104203716891
558,0.4203219103657906,0.8357452973615589
559,0.43686226997982747,0.8285094051043652
560,0.42982495693670514,0.8256150514275569
561,0.3970222277768959,0.8494934860600749
562,0.4104514445478768,0.8314037611964125
563,0.40216511815743233,0.8422575982883249
564,0.4152852183830548,0.8314037611964125
565,0.4271268233031509,0.8263386384450578
566,0.3924148603303388,0.8494934884753138
567,0.40804504200967107,0.8400868316290175
568,0.40806657740072644,0.8393632401260729
569,0.38821046850098195,0.8415340096319118
570,0.42346305500408676,0.8292329941058124
571,0.424011663227799,0.8277858183456399
572,0.42163627050202424,0.8263386385313164
573,0.41507965287492865,0.8277858184318984
574,0.4173361583142481,0.8241678713544578
575,0.3945355122065234,0.8371924752781946
576,0.42226625286721975,0.8277858184318984
577,0.4144988471019458,0.8314037611964125
578,0.4004269235817292,0.8357452952050956
579,0.42170192532014916,0.8270622291716756
580,0.3840157591917063,0.8531114310673108
581,0.4254616158225947,0.8400868293000372
582,0.42098296171676924,0.8350217061173899
583,0.4166398692752104,0.835745295118837
584,0.4102920681971372,0.8400868293000372
585,0.41419428569708133,0.8357452955501297
586,0.4010809170872016,0.8350217084463702
587,0.3981440640479197,0.8386396533673476
588,0.40291423192072534,0.8437047762912193
589,0.40586965939760555,0.8487698973174033
590,0.41717738585948255,0.83719247320799
591,0.40378195168140485,0.8371924728629558
592,0.43604888774551637,0.8227206955080267
593,0.40119775379273376,0.8422575982883249
594,0.39834868088472425,0.8516642553933967
595,0.3905750234461728,0.853835020241275
596,0.4165968288129732,0.8408104183877428
597,0.4332204662942679,0.8350217062036484
598,0.40334598282311657,0.8415340093731363
599,0.41316174546475004,0.8364688867942986
600,0.3942125629412628,0.8458755413116146
601,0.4128046672354559,0.8400868292137786
602,0.40543490493004297,0.8379160644521589
603,0.39488660116099067,0.8422575963906372
604,0.4017163113988774,0.8451519544666307
605,0.38458449053867855,0.8574529653347694
606,0.4141213896478137,0.8451519522239089
607,0.42515162000090273,0.8248914623398512
608,0.3975395668950336,0.8429811850470503
609,0.40358496859518733,0.8487698974899204
610,0.378349277588462,0.846599132297008
611,0.3923061295977205,0.8393632426275703
612,0.371599207738719,0.8639652660890185
613,0.3928208274796454,0.8538350223977383
614,0.3903235625340866,0.8422575983745835
615,0.4119842722257208,0.8379160622094372
616,0.38354186086164715,0.8364688861042304
617,0.395448173136166,0.8451519542941136
618,0.42280983273613815,0.8350217081875946
619,0.3990907818294641,0.8458755411390976
620,0.38894696462516676,0.8487698992150909
621,0.40343937342487785,0.8422575961318617
622,0.36646574903845613,0.8545586091564636
623,0.39142935527906403,0.8516642533231921
624,0.3881813421867001,0.8545586088976881
625,0.39168370002948083,0.8552822003143741
626,0.3992420482393974,0.8451519543803722
627,0.37315939821831223,0.8567293761608052
628,0.3916718858454576,0.8393632425413118
629,0.40489382517838096,0.8357452975340759
630,0.38567511899081397,0.8480463102136439
631,0.4100428837770664,0.8379160619506615
632,0.37914668538980995,0.8509406641492278
633,0.4035140648592053,0.8458755409665805
634,0.3985382993901,0.8538350201550164
635,0.42444063242196,0.8328509411832531
636,0.4008715803561093,0.8357452971890418
637,0.3975618995305598,0.8509406663919495
638,0.3954082834392829,0.8328509410969945
639,0.39464577044833415,0.841534007216673
640,0.40159596944855885,0.8465991301405447
641,0.41004578275376913,0.8379160647109345
642,0.3760047840916817,0.850940666133174
643,0.3583619141285395,0.8603473210817826
644,0.39237334289185044,0.83936324029859
645,0.3928085205437651,0.8415340071304145
646,0.38707181720761247,0.8429811851333088
647,0.3989041674499401,0.8321273522680644
648,0.40894052446664847,0.8299565856950155
649,0.38506625003994116,0.8567293762470637
650,0.38019389526543845,0.8429811853058259
651,0.4000377719291902,0.8437047762912193
652,0.40156238602660327,0.845875541225356
653,0.3908156454778787,0.8487698991288325
654,0.3944503966875256,0.8437047745660486
655,0.39444381813754564,0.8502170773042439
656,0.37830003255010514,0.8632416795028102
657,0.39648187979947985,0.8379160643659004
658,0.4049586164623542,0.8371924753644532
659,0.3899450284872317,0.8560057893158213
660,0.4022383221065256,0.8480463103861609
661,0.3940369988402133,0.8480463078846635
662,0.3756036806727629,0.8589001432514053
663,0.40596052266754395,0.8451519543803722
664,0.38246468416861273,0.8545586112266684
665,0.4040647613588187,0.844428365206408
666,0.388709165339187,0.846599132469525
667,0.3884301384002531,0.8516642553933967
668,0.4014033472917532,0.8386396535398646
669,0.3748657840119429,0.8603473212542996
670,0.38443853623097607,0.853111433223774
671,0.3973257777573576,0.8335745303572173
672,0.3952817699067327,0.8487698969723692
673,0.41667763157794857,0.8328509410969945
674,0.3874628914765442,0.8509406664782081
675,0.360760203965666,0.8574529674049742
676,0.3883562651712194,0.846599132297008
677,0.40694413085059733,0.8371924753644532
678,0.37943593198069614,0.8523878420658636
679,0.38139148701289627,0.8552822003143741
680,0.3932852729529617,0.8487698993013495
681,0.3886831566669834,0.8444283634812373
682,0.36818929661372635,0.8509406639767108
683,0.3782241137000138,0.856005787331875
684,0.37528632389308747,0.8473227192282504
685,0.37201016524593666,0.8545586091564636
686,0.3878708938527556,0.8567293781447514
687,0.3863849923251852,0.8509406662194325
688,0.39004759479707646,0.8523878421521222
689,0.38235303634500023,0.8589001454941271
690,0.39628473394341474,0.8458755414841317
691,0.3841429776289701,0.8444283655514421
692,0.3970080702936252,0.8415340071304145
693,0.3810189666951617,0.8487698970586277
694,0.372069316472745,0.8581765563201629
695,0.384475544116604,0.8603473212542996
696,0.37979341308045833,0.846599132297008
697,0.4114583843696307,0.8422575961318617
698,0.38508790942763454,0.8589001429063712
699,0.37012762460970844,0.853835020241275
700,0.4025406531676887,0.8509406639767108
701,0.3705560449839673,0.8610709121534345
702,0.39408913254737854,0.8465991300542862
703,0.3701034954677615,0.8523878422383807
704,0.36511877489676525,0.863241679330293
705,0.41727982045255074,0.8314037615414466
706,0.3896264652094862,0.8516642552208797
707,0.3812167577650371,0.846599132469525
708,0.3756371729194514,0.856729378403527
709,0.3777454963813815,0.8538350225702553
710,0.39882516145016106,0.8408104205442062
711,0.3913182948329169,0.8494934864913676
712,0.38151226737219757,0.8437047743072731
713,0.3989692316127755,0.8509406642354863
714,0.39691357252049203,0.8494934883027967
715,0.3851025760518832,0.8444283654651835
716,0.3773867788949682,0.8502170773905025
717,0.35936470599319414,0.8661360353360817
718,0.3849239053067181,0.8574529650759939
719,0.377805067730364,0.8523878443948439
720,0.37828729738374867,0.8574529675774912
721,0.3757407559585985,0.8560057869868409
722,0.4056362283298835,0.8415340095456533
723,0.3870543623194853,0.8531114310673108
724,0.3774087558003134,0.8545586110541513
725,0.37549551911706,0.8509406643217449
726,0.3648055180713168,0.8581765563201629
727,0.3949491143571658,0.845875541225356
728,0.3733684848427945,0.8603473234107629
729,0.3710784826282137,0.8552822003143741
730,0.3743009585375034,0.858176554077441
731,0.39426551657889236,0.8516642529781578
732,0.37948731968095784,0.8545586117442195
733,0.38401736834459815,0.8596237344955743
734,0.39048440998093953,0.8502170774767609
735,0.39387141571376155,0.8502170753202977
736,0.37298653806342746,0.8523878442223268
737,0.3745033627136054,0.8545586090702051
738,0.38139630955483567,0.8516642530644164
739,0.3860902901841314,0.8458755432093022
740,0.3693046074268959,0.8538350197237239
741,0.39871083008052643,0.8574529674049742
742,0.3779217896689209,0.8509406641492278
743,0.3572034285917296,0.8668596220948072
744,0.36423231141612084,0.8654124463346347
745,0.3898647169214599,0.844428365378925
746,0.37384335202867147,0.8589001431651467
747,0.37059476812048,0.8531114311535694
748,0.37253612180694656,0.8726483340201261
749,0.39117057567567454,0.8552822000555985
750,0.4020051546017444,0.8465991302268032
751,0.3817656698775533,0.8603473210817826
752,0.4019183492349992,0.848769899387608
753,0.3798118489005976,0.8538350204137921
754,0.3727438035387379,0.8567293783172685
755,0.3716091602048722,0.8625180902425874
756,0.36409424997963197,0.8589001452353515
757,0.3873679546906186,0.8415340091143607
758,0.3754812342730686,0.8502170773905025
759,0.40209995479728655,0.8429811876348062
760,0.379554912469494,0.8567293761608052
761,0.37805496904508423,0.8639652662615355
762,0.38551622598975166,0.851664253150675
763,0.365819545325253,0.8603473232382458
764,0.39023484610959175,0.8465991299680277
765,0.3922550745534828,0.8487698971448863
766,0.38354403677621557,0.856005787331875
767,0.37939717813614654,0.8531114309810522
768,0.3871153734527345,0.8516642553071382
769,0.36828396854283324,0.8523878441360684
770,0.3866750652727963,0.8437047743935316
771,0.37294134463139106,0.8581765562339043
772,0.3686213740909151,0.863241679330293
773,0.3888885842477188,0.8379160641933833
774,0.3937527639562245,0.8480463080571805
775,0.37109988669065597,0.8617944989121599
776,0.37935541649975757,0.8494934881302796
777,0.3866504090049677,0.8494934862325919
778,0.39528331169171205,0.8480463080571805
779,0.36132970167655504,0.8617944991709354
780,0.3914837293790494,0.8444283630499446
781,0.36619948642126215,0.8610709099969712
782,0.38694546221824183,0.845875541225356
783,0.3735180513558615,0.8581765542499581
784,0.3723044668455027,0.8596237344093157
785,0.38834899159312763,0.8444283630499446
786,0.3570061076739762,0.8567293765058394
787,0.3760549570993128,0.8538350223114798
788,0.3918049070234754,0.8480463083159562
789,0.3758801057956326,0.8523878446536195
790,0.3560598828599353,0.8596237319940768
791,0.38709224732498354,0.8335745302709587
792,0.3421293276695025,0.8661360351635647
793,0.36481316385496887,0.8581765565789384
794,0.36944642688879575,0.8581765562339043
795,0.37029124949499426,0.8589001454941271
796,0.39091506298475087,0.852387841979605
797,0.3975616555051762,0.8451519544666307
798,0.3545378445716394,0.8639652662615355
799,0.3563953760563896,0.8625180879136071
800,0.3864758947133673,0.8552821981579108
801,0.35738095761898114,0.8589001452353515
802,0.3412044022431767,0.8777134591867196
803,0.3794154835765165,0.8560057894020798
804,0.3618651333058795,0.8603473233245044
805,0.3909243259002089,0.8451519543803722
806,0.36364835065111584,0.8625180881723826
807,0.3838295061060385,0.8646888573331875
808,0.38409091991557054,0.8458755411390976
809,0.3758408700246714,0.8494934883890553
810,0.3864052900357115,0.8523878443085854
811,0.38751465457393186,0.851664253150675
812,0.3591344138302782,0.8617944991709354
813,0.35476306908900074,0.8690303890128902
814,0.35927868898629106,0.864688857591963
815,0.36314621140746406,0.8531114331375155
816,0.3860023688476441,0.8502170773042439
817,0.36094773005473113,0.8625180903288459
818,0.3645985644046546,0.8516642553071382
819,0.3795386967714202,0.8574529649897353
820,0.37112315044389277,0.8617945009823645
821,0.377754172221279,0.8617944989121599
822,0.3886123546729385,0.8545586092427222
823,0.371796421178343,0.8538350198099823
824,0.3533271814220721,0.8567293759882881
825,0.3769813408554894,0.8516642554796553
826,0.35982140553670405,0.8726483341063845
827,0.38284494631887345,0.8473227212984552
828,0.37450387060383467,0.8596237323391109
829,0.3711655701897424,0.856005787159358
830,0.3722473168166087,0.8581765541636995
831,0.38372872297567157,0.8596237323391109
832,0.3592798586519686,0.8712011560172317
833,0.3791249695890374,0.8531114335688081
834,0.36699961757694416,0.8654124463346347
835,0.37040036067086257,0.8581765563201629
836,0.3716881117323891,0.8567293782310099
837,0.3664002433613309,0.8603473230657288
838,0.3893791405664684,0.8516642553071382
839,0.38323293990750734,0.853835020068758
840,0.3528912042829649,0.8596237321665939
841,0.366678377179437,0.8523878420658636
842,0.3587347622286911,0.8683068023404233
843,0.3583856548914516,0.8704775670157845
844,0.395567710898202,0.8502170750615221
845,0.3652130219594787,0.8567293764195808
846,0.39442369039945424,0.848046307970922
847,0.3685917531702177,0.8567293783172685
848,0.35470443700916,0.8603473212542996
849,0.36040260378600203,0.8654124462483761
850,0.3648684255552361,0.8603473231519873
851,0.37330668465963496,0.8574529649897353
852,0.3727800026643811,0.8610709120671759
853,0.3713580498043259,0.8581765539911825
854,0.3683338281300927,0.861794499257194
855,0.37557001677159807,0.8581765538186654
856,0.400236597109462,0.8386396512108842
857,0.34716561691115805,0.8719247451911959
858,0.3667123720114552,0.8589001455803856
859,0.38049245372349894,0.8690303911693534
860,0.3649208750548825,0.8646888573331875
861,0.3813343845987113,0.855282198502945
862,0.3880106896032645,0.8480463102999023
863,0.38049265250628317,0.8538350222252212
864,0.35954233835816557,0.8654124440056543
865,0.35132064953899245,0.8654124465934102
866,0.342253836036246,0.8675832134252347
867,0.37567438424582417,0.8545586095014978
868,0.38024116446588907,0.8625180879998655
869,0.34650006454691357,0.8632416772600884
870,0.38366178359550607,0.8509406639767108
871,0.3871554194069461,0.8531114311535694
872,0.33794886481917197,0.8661360331796185
873,0.3628744600736974,0.8632416795028102
874,0.37200657559717787,0.852387841979605
875,0.3352711678155079,0.8806078151062497
876,0.36413549686823843,0.8596237322528525
877,0.375822358771447,0.8697539803433176
878,0.3640843662183985,0.8668596245963045
879,0.368916813224856,0.8574529649897353
880,0.36283181338165327,0.8646888550042071
881,0.3964807279030597,0.845875541225356
882,0.3763308748063751,0.8589001433376638
883,0.35989122690064174,0.8502170772179853
884,0.3794481588255307,0.8560057894883384
885,0.3714409681891567,0.8610709101694882
886,0.35243192310788696,0.8603473210817826
887,0.3864357754825338,0.8545586111404099
888,0.3436283670182511,0.8733719233666074
889,0.37009515767504614,0.8596237344093157
890,0.3852989178921828,0.8480463081434391
891,0.3672327620075684,0.8617944990846769
892,0.36825037912590974,0.866859624337529
893,0.3832994952215645,0.8552822004006326
894,0.36556750794740556,0.8567293765058394
895,0.40047782702659906,0.8465991323832666
896,0.3759330789708194,0.854558611312927
897,0.37253357355743,0.8610709100832298
898,0.37471141000905017,0.8538350226565139
899,0.3692506633256865,0.8675832113550299
900,0.36325690227893603,0.8632416772600884
901,0.3753845925441527,0.8560057869868409
902,0.3903498888964591,0.8487698970586277
903,0.36258973532751226,0.8733719231940903
904,0.359780693537247,0.8661360331796185
905,0.3780546375104211,0.8523878443085854
906,0.3502134383156055,0.8726483363491064
907,0.3546537961352579,0.8668596245963045
908,0.3500297838544362,0.8740955143520007
909,0.372917909396195,0.861070912239693
910,0.3560452748052291,0.8740955145245178
911,0.37778091780011114,0.8509406640629692
912,0.3698307347797968,0.8567293760745467
913,0.3742583010631429,0.8581765541636995
914,0.3715505783274964,0.8596237341505402
915,0.3554135417368926,0.8668596221810657
916,0.37412777064333086,0.8661360352498233
917,0.37484295944401563,0.8560057891433043
918,0.35970103995154806,0.861070912239693
919,0.3651669175510986,0.8704775693447648
920,0.3838766409588274,0.853835020241275
921,0.3474560974303272,0.8740955142657422
922,0.3610909601455142,0.8632416769150542
923,0.3653169289425382,0.8668596220085486
924,0.3515922995621147,0.866859624337529
925,0.3653453541043526,0.8646888572469289
926,0.34823949710505053,0.8712011561897488
927,0.35212603232967526,0.8675832108374788
928,0.351569410731582,0.8589001429926296
929,0.371568900933314,0.8531114334825497
930,0.3649531094796751,0.8639652682454817
931,0.3533668372289489,0.8704775670157845
932,0.3618972371352564,0.8639652680729647
933,0.34776640330830805,0.8777134592729781
934,0.36159571453217315,0.8668596241650119
935,0.36990343377145085,0.8661360328345844
936,0.3583608091998894,0.8610709124122101
937,0.34664818131285363,0.8755426901121733
938,0.37520933086551217,0.8639652682454817
939,0.37243285512096114,0.8603473235832799
940,0.3813213352787857,0.8574529673187157
941,0.3826056088276434,0.8516642553071382
942,0.36694106183590314,0.8610709121534345
943,0.3502148787468111,0.866859624337529
944,0.37765702432730436,0.8574529650759939
945,0.33716612252071176,0.8784370458591865
946,0.3770101932558068,0.8603473211680411
947,0.36893633719636115,0.8617944995159695
948,0.3524208413019194,0.8632416771738298
949,0.3718448151469058,0.8480463084884732
950,0.3730523070447179,0.8589001454941271
951,0.3636826921992985,0.8617944991709354
952,0.371467189057346,0.8617945014999158
953,0.37285476707342563,0.8560057874181336
954,0.34647295060102573,0.8733719253505535
955,0.34915585485967643,0.8697539781005958
956,0.3537102595251997,0.8668596242512704
957,0.37800874158890996,0.8480463084022146
958,0.3595836304893714,0.863965266175277
959,0.3564875552002152,0.8726483364353649
960,0.3587941213385586,0.8654124442644299
961,0.3755965555456026,0.8574529673187157
962,0.35486104597058554,0.8545586091564636
963,0.3642341092595488,0.8740955145245178
964,0.3684483404269957,0.863965266175277
965,0.36275494728350605,0.8675832110962544
966,0.36633007161524117,0.8603473232382458
967,0.3691076942100884,0.8581765564064213
968,0.3552370888710712,0.8574529672324571
969,0.36049389899553336,0.8646888553492412
970,0.36644341912007367,0.8726483340201261
971,0.3584770082392327,0.8668596220948072
972,0.3618451039887717,0.8712011581736949
973,0.3758209873039367,0.8560057869868409
974,0.36889134996534256,0.8552821982441694
975,0.35565609749077715,0.8639652683317403
976,0.35968960142342643,0.8712011562760072
977,0.3576980102942062,0.8625180883448997
978,0.3577654263821421,0.8603473210817826
979,0.3500368114663274,0.8668596220085486
980,0.3466501212240818,0.8733719230215732
981,0.3440773169659671,0.8690303915143875
982,0.35894293257193005,0.8755426920961195
983,0.35555661505279595,0.8719247451911959
984,0.3620561286267944,0.8654124462483761
985,0.3546311984703958,0.8639652681592231
986,0.38622977523141244,0.8465991322107494
987,0.3542567129245543,0.8755426922686366
988,0.3478494174832373,0.8668596244237875
989,0.3583373934159921,0.8610709102557468
990,0.3709262871707745,0.8581765565789384
991,0.36184535405225243,0.8690303890991486
992,0.36212360423311657,0.8683068000977016
993,0.3726899299538774,0.8574529652485109
994,0.33440726827264006,0.8820549932816611
995,0.3598437111301809,0.8610709101694882
996,0.34361847859905703,0.8719247451049374
997,0.3684811070669232,0.8596237323391109
998,0.3441844453169882,0.8740955142657422
999,0.3588448719333119,0.8610709099969712
1000,0.34452403945964255,0.8755426924411537
1001,0.38253753316385186,0.8567293760745467
1002,0.3255453651444784,0.8827785802129036
1003,0.3490790487112081,0.8762662814426008
1004,0.3730536735092334,0.8654124440056543
1005,0.33067390982563,0.8733719252642951
1006,0.3534268021324782,0.8762662789411034
1007,0.33959018368969435,0.8740955142657422
1008,0.35069413170455677,0.8617944989984184
1009,0.3589096150850249,0.8603473212542996
1010,0.34893861952117833,0.8661360350773062
1011,0.35189844419918254,0.8661360354223403
1012,0.3399818954522979,0.8719247451049374
1013,0.37982644125625126,0.8451519520513918
1014,0.35401664180451986,0.8675832111825129
1015,0.370217032784491,0.864688857591963
1016,0.343097157614621,0.872648336607882
1017,0.3691968023777008,0.8726483341926431
1018,0.349071569665296,0.8726483361765893
1019,0.3580513700044966,0.8683068023404233
1020,0.36362016744448034,0.8668596220948072
1021,0.3616023905111636,0.8603473210817826
1022,0.36944416057528706,0.863241679330293
1023,0.35205208862742193,0.8755426902846903
1024,0.3520176160094017,0.858176554077441
1025,0.33104106106737413,0.8740955142657422
1026,0.36746341395481624,0.8712011563622658
1027,0.34523749252304153,0.8632416794165516
1028,0.359170568187744,0.8675832111825129
1029,0.33557288044613454,0.869030391255612
1030,0.3792027231149494,0.8632416771738298
1031,0.35803757355630655,0.876989870444048
1032,0.35849752103540555,0.8791606351194092
1033,0.35766113610930106,0.8726483341926431
1034,0.33928811567392086,0.8733719230215732
1035,0.3640087299943833,0.8589001454078685
1036,0.37516314239819387,0.8646888575057045
1037,0.3557802032458282,0.8661360354223403
1038,0.36110070830833724,0.8683068024266819
1039,0.3398350390313158,0.8820549930228856
1040,0.34314768156508463,0.8733719232803488
1041,0.3506636354754182,0.8690303889266316
1042,0.35910599500846585,0.8610709102557468
1043,0.38469045163926097,0.8552822004006326
1044,0.3693293880363967,0.8538350201550164
1045,0.3810914419321869,0.8509406642354863
1046,0.3480482547397034,0.8668596240787534
1047,0.33459393647748725,0.8820549931091441
1048,0.3387903410256685,0.8726483363491064
1049,0.34058805735169895,0.8755426922686366
1050,0.35580627889778094,0.8668596222673243
1051,0.3393865983324009,0.8777134572027734
1052,0.34616802876489033,0.8683068023404233
1053,0.3545069104941985,0.8661360354223403
1054,0.35118805016519017,0.8712011560172317
1055,0.345101129042602,0.8625180878273485
1056,0.3526669135141994,0.8683068023404233
1057,0.34916341319874294,0.8632416768287957
1058,0.3657303016023594,0.8552821980716523
1059,0.3713484765738033,0.8603473234107629
1060,0.33761813757906084,0.8675832110962544
1061,0.3433434646226218,0.8733719231078317
1062,0.35314880904516505,0.8581765563201629
1063,0.35754687646363476,0.863241679157776
1064,0.35925961433547277,0.8668596220085486
1065,0.3544597428631679,0.860347320995524
1066,0.35031649707540247,0.8625180882586412
1067,0.37535830478247273,0.8646888572469289
1068,0.33909139244152736,0.8777134591867196
1069,0.359640493449875,0.8596237342367986
1070,0.3490104050349913,0.8712011561034902
1071,0.358267308230338,0.8697539779280788
1072,0.3507947301985386,0.8625180904151044
1073,0.3324808695511259,0.8704775670157845
1074,0.3661496229092395,0.8581765542499581
1075,0.3469984053530327,0.8733719251780365
1076,0.3646892090523467,0.8538350223114798
1077,0.4069050490942429,0.838639653281089
1078,0.3532495700070896,0.8762662811838252
1079,0.3434987274334158,0.869030391255612
1080,0.33824593561948124,0.8791606352056677
1081,0.39075673954876733,0.856729378403527
1082,0.37450156172174104,0.8646888572469289
1083,0.3644887738565978,0.8639652662615355
1084,0.3555046559328971,0.8675832109237372
1085,0.3848909736542212,0.8531114311535694
1086,0.3465233162670853,0.8755426923548951
1087,0.3535404490838003,0.8639652660027599
1088,0.3416648830156423,0.861070912239693
1089,0.34636087942054405,0.8654124462483761
1090,0.3345506998202218,0.870477567102043
1091,0.37249372431579786,0.848769899560125
1092,0.33876541278469235,0.8769898682013262
1093,0.3568343454176714,0.8610709098244541
1094,0.3573046478883575,0.8639652660890185
1095,0.37478308142439154,0.8632416770013127
1096,0.362306541411473,0.8675832134252347
1097,0.3580444958465317,0.8719247472614007
1098,0.3812159030939494,0.8596237319940768
1099,0.3497047281127245,0.8769898703577894
1100,0.37682808083839253,0.8646888551767241
1101,0.3515018771163979,0.8617945013273988
1102,0.3415097086198423,0.8661360333521356
1103,0.35953605468297317,0.8639652685905158
1104,0.3532925029911974,0.8697539781005958
1105,0.33352545382490034,0.8726483363491064
1106,0.34709097693004415,0.8784370460317035
1107,0.3498469865442875,0.8726483341926431
1108,0.3514749696734328,0.8769898682013262
1109,0.36044416845103594,0.8617945010686231
1110,0.3348937994664381,0.880607813036045
1111,0.35453802679278573,0.8617945013273988
1112,0.3714450338124884,0.8654124439193958
1113,0.3554657914617817,0.8683068003564771
1114,0.35944985821519676,0.8625180902425874
1115,0.3657281855512114,0.8574529673187157
1116,0.3193837009187028,0.8885672919657054
1117,0.37059190515671386,0.8697539780143373
1118,0.36915768029548324,0.8617944990846769
1119,0.34760612948068487,0.863965266175277
1120,0.34545238361344843,0.8646888575057045
1121,0.34808360098412344,0.8668596242512704
1122,0.3511228583397292,0.8740955144382593
1123,0.3508142654699113,0.8545586092427222
1124,0.3359054941171848,0.8690303889266316
1125,0.36843441385781195,0.8603473210817826
1126,0.3657054714373328,0.8603473233245044
1127,0.34105657871311207,0.878437046117962
1128,0.36186470248764746,0.8596237322528525
1129,0.36947322913948255,0.866859624337529
1130,0.3487742055859821,0.8661360332658771
1131,0.3487231369128966,0.869030391255612
1132,0.3827748442696766,0.8574529652485109
1133,0.3469395841513632,0.862518090501363
1134,0.3367970848048993,0.8654124461621175
1135,0.35925809208805065,0.8589001454941271
1136,0.34639696602193387,0.8661360334383941
1137,0.35060969577339385,0.8697539800845421
1138,0.34427642459979796,0.8748191012832431
1139,0.3542807558079704,0.8733719231940903
1140,0.35867324932956834,0.863965266175277
1141,0.35954593986747235,0.8704775670157845
1142,0.35767074957942824,0.8531114333962911
1143,0.3402681831599317,0.8675832135114933
1144,0.357120889701305,0.8704775691722478
1145,0.3686972640012694,0.8625180879998655
1146,0.3375007342843692,0.8719247451049374
1147,0.370502582895428,0.8625180880861241
1148,0.3779729272194433,0.851664253150675
1149,0.3547317373166036,0.8675832110962544
1150,0.36202312701862904,0.8654124441781713
1151,0.36625727083852083,0.8610709101694882
1152,0.3422217069762488,0.8740955143520007
1153,0.3521043333924455,0.8668596220948072
1154,0.33830037570724264,0.8827785824556255
1155,0.3635312706533976,0.8661360330071014
1156,0.33802115761940454,0.8740955141794837
1157,0.35668490673974695,0.8617945014999158
1158,0.34257916707205877,0.8668596245100461
1159,0.3511185822024532,0.8697539799982835
1160,0.3498423247882495,0.866859624337529
1161,0.37079711394268594,0.8668596220948072
1162,0.349793645347079,0.8690303888403731
1163,0.3496065121224924,0.8740955143520007
1164,0.3447558740544768,0.8712011584324706
1165,0.3326840375680827,0.8769898701852724
1166,0.354865224506334,0.8646888551767241
1167,0.3465812115696853,0.8697539781868544
1168,0.33895545227482765,0.8748191033534479
1169,0.31848375328887907,0.8827785801266451
1170,0.33192624641223856,0.8798842261910611
1171,0.3621907276027282,0.8596237322528525
1172,0.35717966061425105,0.8646888571606703
1173,0.3524554788462505,0.8712011585187291
1174,0.3464306705077374,0.8704775669295259
1175,0.336073582407017,0.8661360356811159
1176,0.35186618654928054,0.866136032920843
1177,0.3529001783617326,0.8784370482744253
1178,0.34592239327955177,0.868306800011443
1179,0.3754538584894106,0.8509406641492278
1180,0.32380044693194665,0.8907380614715443
1181,0.3362408580767953,0.872648333847609
1182,0.35399755033328806,0.8719247473476592
1183,0.3487495833040146,0.8733719252642951
1184,0.3774522432111279,0.8516642530644164
1185,0.34265446861297455,0.8748191011107261
1186,0.37073189792170713,0.8639652660027599
1187,0.3266443096953087,0.8798842262773197
1188,0.3545184764261701,0.8733719231940903
1189,0.34517796956509483,0.8661360352498233
1190,0.35772500770481896,0.8639652684179988
1191,0.37375506059995783,0.8480463083159562
1192,0.33663778388724486,0.8784370462042206
1193,0.36088054591598456,0.8639652681592231
1194,0.35454004701070607,0.86613603309336
1195,0.3369856932228795,0.8769898681150676
1196,0.34016523588928577,0.8755426920961195
1197,0.3684846686816595,0.8596237341505402
1198,0.33722704765420575,0.8769898680288091
1199,0.3442713206394019,0.8712011581736949
1200,0.348313338116523,0.870477567102043
1201,0.3385001722879589,0.8777134572027734
1202,0.3413030239072791,0.8740955141794837
1203,0.36181194297484137,0.8675832110962544
1204,0.3329376375623446,0.8777134574615489
1205,0.3282171629272218,0.8762662789411034
1206,0.342975197971816,0.8762662812700838
1207,0.348639214090604,0.8661360351635647
1208,0.35654207749235645,0.8625180879998655
1209,0.32003548680959665,0.8871201141353281
1210,0.3554632242353884,0.8726483341926431
1211,0.3711143610877687,0.8596237324253695
1212,0.3479829029046678,0.8596237343230572
1213,0.3192112060686959,0.8871201162917914
1214,0.3231052329329782,0.8863965271178271
1215,0.3409483855867869,0.8748191031809308
1216,0.3287422129110731,0.8719247472614007
1217,0.3667236209001969,0.8646888550042071
1218,0.339044844664299,0.8719247450186789
1219,0.35632204638548765,0.85890014532161
1220,0.3291095499105633,0.8820549931954026
1221,0.3603320313690368,0.8625180880861241
1222,0.3441458676554877,0.8625180904151044
1223,0.3805242677673417,0.8603473211680411
1224,0.33075021597652465,0.8791606374483896
1225,0.3486625255448083,0.8704775691722478
1226,0.3630182679241197,0.8617945014136572
1227,0.3255687142074022,0.8675832110962544
1228,0.33718240291268364,0.874095512454313
1229,0.35248016297558454,0.8697539804295762
1230,0.36851630938898466,0.8560057875043922
1231,0.36336171954827096,0.8661360332658771
1232,0.34886690586072144,0.8668596242512704
1233,0.3430752964250948,0.8740955144382593
1234,0.36885941658282245,0.8712011561034902
1235,0.35528876178516494,0.8777134569439977
1236,0.35162181231461453,0.8690303890991486
1237,0.3533480028081389,0.8690303910830949
1238,0.33016706289327263,0.8820549934541783
1239,0.35062201883961946,0.8806078132948206
1240,0.3558194949985758,0.8733719232803488
1241,0.3678560223317181,0.8596237322528525
1242,0.34254476022616825,0.8675832113550299
1243,0.32758316414918637,0.8806078131223035
1244,0.331743706540675,0.8791606350331507
1245,0.3551728009487544,0.8668596241650119
1246,0.3446363226635929,0.8596237321665939
1247,0.35719942145168176,0.8654124461621175
1248,0.3450588254007348,0.8784370484469424
1249,0.3697169489953694,0.867583213166459
1250,0.3240423177930967,0.8813314021237507
1251,0.37420453793233105,0.8487698972311448
1252,0.353024108019993,0.8596237344093157
1253,0.35235502746619296,0.8646888550042071
1254,0.3496506400891565,0.8726483363491064
1255,0.3548383801183549,0.8610709099969712
1256,0.3410193597959886,0.8726483364353649
1257,0.3477928422380632,0.8675832133389761
1258,0.361876615696464,0.8668596220948072
1259,0.3338775752939812,0.8712011560172317
1260,0.35624627973857387,0.8740955141794837
1261,0.3438586098412874,0.8755426923548951
1262,0.35065920385714033,0.8791606377071651
1263,0.3094053985672301,0.891461650386733
1264,0.3497927069405226,0.8697539781005958
1265,0.3464055114820621,0.8603473212542996
1266,0.36738172453840284,0.8675832111825129
1267,0.35018704260137423,0.8704775671883016
1268,0.34973250495542146,0.8654124440919128
1269,0.35751355828666137,0.8675832111825129
1270,0.358203031823535,0.8740955119367618
1271,0.3394836279228006,0.8827785801266451
1272,0.35681886813575037,0.8668596220948072
1273,0.36890175352048254,0.8574529652485109
1274,0.3464812866685704,0.8712011560172317
1275,0.354923968592877,0.861070912239693
1276,0.35674512520022744,0.866859624337529
1277,0.36323849289703647,0.8545586112266684
1278,0.3444226657171153,0.8697539804295762
1279,0.34966487744782665,0.8733719231940903
1280,0.35243765468535304,0.8704775693447648
1281,0.3272499348941312,0.8719247475201762
1282,0.36003860016117567,0.8777134592729781
1283,0.368438875580317,0.8646888573331875
1284,0.35616119255550344,0.86685962192229
1285,0.34702999158809567,0.8675832110962544
1286,0.36888494453623394,0.8545586090702051
1287,0.3423247741462525,0.876989870444048
1288,0.33385429204631645,0.8733719253505535
1289,0.3604396894768247,0.8538350222252212
1290,0.3517961945012751,0.8545586090702051
1291,0.32612678391371036,0.8777134592729781
1292,0.33460539238670284,0.8784370460317035
1293,0.3310388931317198,0.876266279027362
1294,0.373511760995633,0.8589001452353515
1295,0.3470251174635549,0.8697539800845421
1296,0.3732132734420848,0.8545586112266684
1297,0.3472616737209767,0.8719247474339178
1298,0.3462824842174215,0.8791606372758725
1299,0.3402119053557364,0.8784370458591865
1300,0.3455967332968318,0.8798842240345979
1301,0.3471552956897857,0.8740955121092789
1302,0.33240223927194235,0.8791606372758725
1303,0.3620859359953062,0.8697539779280788
1304,0.35186397904252525,0.8610709102557468
1305,0.34473073745601945,0.8704775669295259
1306,0.32555704523961554,0.8878437032230339
1307,0.34250264743130043,0.8820549932816611
1308,0.35578062444623404,0.8697539802570592
1309,0.3666935472516006,0.864688857419446
1310,0.33298354961420107,0.8755426923548951
1311,0.34658598119201606,0.8690303892716658
1312,0.34149830364628914,0.8798842242071149
1313,0.34489920618910175,0.8719247450186789
1314,0.3826102334493839,0.857452965421028
1315,0.3256110381631534,0.8798842263635782
1316,0.3459587382252413,0.863965266175277
1317,0.37193460065963124,0.8704775670157845
1318,0.32401433888979136,0.8784370483606838
1319,0.33384958047597696,0.8769898703577894
1320,0.3788631217265785,0.8668596245100461
1321,0.3680703743063075,0.8610709102557468
1322,0.326496939238177,0.8777134593592366
1323,0.3531870644447945,0.861794499257194
1324,0.3224138617946857,0.8740955120230204
1325,0.34363018159583403,0.8726483364353649
1326,0.3512463742158175,0.8755426901984318
1327,0.3744994469213417,0.8574529673187157
1328,0.3371942772620321,0.8726483362628479
1329,0.351155337048681,0.8617945014136572
1330,0.3760053649134988,0.8596237340642816
1331,0.35815026359861735,0.8675832134252347
1332,0.3451196741091705,0.8704775692585063
1333,0.3422363018765291,0.8784370481019083
1334,0.3790589403657596,0.8560057894883384
1335,0.34358554340996034,0.8690303891854072
1336,0.32683972572279735,0.8675832110099958
1337,0.36817394647687973,0.8596237344093157
1338,0.3327501068584481,0.8748191011107261
1339,0.33837997285829785,0.8726483340201261
1340,0.3561259628894878,0.8617944993434525
1341,0.3458376453512829,0.8755426922686366
1342,0.3243017947535784,0.8748191032671894
1343,0.333286738214548,0.8740955140932252
1344,0.36129490209557386,0.8646888573331875
1345,0.34876957242464707,0.86613603309336
1346,0.34574897904299445,0.8690303891854072
1347,0.3270156165280321,0.8733719231940903
1348,0.3504972934032832,0.8668596220948072
1349,0.32876681617303455,0.8791606350331507
1350,0.3627145798868795,0.8552821979853937
1351,0.35064225741992294,0.8668596220085486
1352,0.34291756894930053,0.873371925091778
1353,0.34013699424249566,0.8697539779280788
1354,0.34749919318428263,0.8791606350331507
1355,0.3605142042968104,0.8668596220948072
1356,0.3397698844048463,0.8719247473476592
1357,0.34405844368568894,0.8755426900259148
1358,0.3130172848183926,0.8907380614715443
1359,0.35685277282760386,0.8639652682454817
1360,0.3568146085601122,0.8654124440919128
1361,0.3267441991872967,0.8856729359599167
1362,0.35966702032020226,0.8740955142657422
1363,0.3475140828730919,0.8762662792861375
1364,0.339645985325235,0.8726483340201261
1365,0.3424548514500023,0.8661360331796185
1366,0.3472763202469877,0.8712011580874365
1367,0.35693658269435036,0.8661360330071014
1368,0.3468360524791712,0.8740955141794837
1369,0.35156976551291913,0.8777134592729781
1370,0.34094461626150846,0.8784370483606838
1371,0.33463775723439393,0.876989870444048
1372,0.33683843205530634,0.8769898701852724
1373,0.3351809628275472,0.8719247451049374
1374,0.33841546826528224,0.8733719252642951
1375,0.34686303690787507,0.8560057869005824
1376,0.3407136328227268,0.874819100938209
1377,0.3234124069793525,0.881331404107697
1378,0.32122827917553065,0.8849493473035037
1379,0.36414399872467934,0.8668596221810657
1380,0.351159162528263,0.8639652659165014
1381,0.348263201208087,0.8733719252642951
1382,0.3467725179819916,0.8755426901984318
1383,0.35052062913926396,0.8733719253505535
1384,0.3307190526239089,0.8726483343651602
1385,0.31948648981868616,0.8842257580432809
1386,0.33553171054326675,0.8813314043664725
1387,0.33788599503023065,0.8733719253505535
1388,0.34827410187113994,0.8740955143520007
1389,0.3284154930266561,0.8777134572890319
1390,0.3437264099738705,0.8733719252642951
1391,0.3530770747689193,0.8690303892716658
1392,0.3389804701815466,0.8719247474339178
1393,0.3387668994935998,0.8784370460317035
1394,0.35325044837770864,0.8610709124122101
1395,0.3305159602772482,0.8740955120230204
1396,0.33712703660238325,0.8726483339338675
1397,0.3291494227439036,0.8777134595317537
1398,0.3535760262423072,0.8726483365216234
1399,0.34050462646180746,0.8697539780143373
1400,0.3312533344270179,0.8820549931091441
1401,0.3299543652710452,0.8733719230215732
1402,0.3479576884147572,0.8712011561897488
1403,0.3579824113121253,0.8646888573331875
1404,0.33407150146412606,0.8740955119367618
1405,0.33905689653370386,0.8733719256093292
1406,0.3303237732516011,0.8712011561897488
1407,0.3531975270654634,0.8762662789411034
1408,0.33237767197978824,0.8748191033534479
1409,0.3363649696758618,0.8820549931091441
1410,0.33820985294285455,0.8719247472614007
1411,0.330013043024778,0.879160637362131
1412,0.3463826625029706,0.8683068000977016
1413,0.3433701859196775,0.8726483342789016
1414,0.3531430745349089,0.8683068024266819
1415,0.3549842042188051,0.8654124440056543
1416,0.35801020557904556,0.8632416770875713
1417,0.34724264267384575,0.8762662815288593
1418,0.3315543503474913,0.8726483340201261
1419,0.3489129747090222,0.8675832110962544
1420,0.348020139159756,0.8668596242512704
1421,0.33253216898734594,0.8740955143520007
1422,0.3679106976033637,0.8654124441781713
1423,0.3549396445281944,0.8675832114412885
1424,0.36289126103590263,0.8675832112687714
1425,0.3120750294062922,0.8921852374904925
1426,0.34601539153438576,0.8639652662615355
1427,0.3502932116712744,0.872648336607882
1428,0.3402757707622048,0.8740955142657422
1429,0.3563582787206653,0.864688857419446
1430,0.3404492869132162,0.8748191010244676
1431,0.36670072663537673,0.8704775692585063
1432,0.3353495885942848,0.8748191011107261
1433,0.3295043229452953,0.8726483340201261
1434,0.3650233182306745,0.8719247476064348
1435,0.33172399590570917,0.8820549931954026
1436,0.33523519757687614,0.8733719231940903
1437,0.3377782365606421,0.8755426920961195
1438,0.3477236749294353,0.8748191011107261
1439,0.35142514553842946,0.8740955140932252
1440,0.35502706849799315,0.8697539780143373
1441,0.3498480715903463,0.8697539780143373
1442,0.3455624611867665,0.8784370483606838
1443,0.3446990863114121,0.8777134593592366
1444,0.35848533451643416,0.8675832109237372
1445,0.34780132610960046,0.880607813036045
1446,0.35534210923611687,0.8719247450186789
1447,0.32675426883566394,0.8740955117642448
1448,0.3244898226300818,0.882778579954128
1449,0.33840724868988337,0.8733719231940903
1450,0.34444816701664077,0.869030391428129
1451,0.33271988572932876,0.8835021687830581
1452,0.3322723000681003,0.8806078131223035
1453,0.3384066742943268,0.8697539780143373
1454,0.35000861976322667,0.8740955146970348
1455,0.32959116014143836,0.8784370483606838
1456,0.333655787057711,0.8690303890128902
1457,0.33037545888882813,0.8769898682013262
1458,0.3335168277130458,0.8813314043664725
1459,0.3364966400021582,0.8863965250476225
1460,0.3587843605388608,0.8675832132527176
1461,0.33400629156750294,0.8719247451049374
1462,0.32172352273971405,0.8726483364353649
1463,0.33999390833284676,0.8683068022541648
1464,0.33342667879313015,0.8798842240345979
1465,0.3583139207445937,0.8654124465071517
1466,0.33392206170797,0.8777134571165148
1467,0.32988254956674645,0.8755426901984318
1468,0.3563381009094967,0.8791606374483896
1469,0.3355973830012613,0.869030391255612
1470,0.3358156380449811,0.8791606350331507
1471,0.3468004803667883,0.8683068022541648
1472,0.31531797217908714,0.8842257603722612
1473,0.32819197621255813,0.8842257602860027
1474,0.332517060288127,0.8740955121955375
1475,0.34156280109057724,0.8661360334383941
1476,0.34941745002776947,0.8683068020816477
1477,0.3275075233965983,0.874095512454313
1478,0.3396889147727431,0.8719247449324203
1479,0.3273542715956264,0.8835021709395214
1480,0.34893989433600486,0.8661360355948574
1481,0.35467430108190445,0.8683068000977016
1482,0.34385428591678524,0.8733719231078317
1483,0.3570204053704887,0.8589001452353515
1484,0.32522700867156046,0.8798842261048025
1485,0.35390021318809683,0.8632416790715175
1486,0.3404977022307654,0.8777134570302563
1487,0.3329637387036932,0.8813314019512336
1488,0.3664926271535208,0.8596237321665939
1489,0.35705982323320834,0.870477567102043
1490,0.3204121782448461,0.880607815623801
1491,0.3448282341363634,0.8726483341926431
1492,0.34375859958735633,0.873371925091778
1493,0.33288085374404314,0.8813314041939555
1494,0.3201788741065521,0.8762662812700838
1495,0.3481524648352401,0.8755426923548951
1496,0.3548925557805902,0.8683068023404233
1497,0.34241803928498077,0.8719247452774544
1498,0.33095013987483235,0.8712011561034902
1499,0.3449115312392736,0.8697539803433176
1500,0.32240584199404404,0.8835021693006093
1501,0.3377953241599451,0.8820549933679197
1502,0.344654877089212,0.8719247471751421
1503,0.368290421284746,0.8509406664782081
1504,0.3432483261642511,0.871201158346212
1505,0.3319472318620309,0.8914616482302697
1506,0.35797536028104304,0.8668596221810657
1507,0.3324951415641608,0.8740955121955375
1508,0.3422429132910092,0.8690303890991486
1509,0.34557556756671015,0.864688857591963
1510,0.3273921313058105,0.8726483342789016
1511,0.33920096570434516,0.8762662789411034
1512,0.36802115480047576,0.8617945011548817
1513,0.33683516479780634,0.86830680018396
1514,0.3237722413412224,0.8813314020374922
1515,0.3224926250198298,0.8769898679425506
1516,0.3086137737103033,0.880607813036045
1517,0.349820716487171,0.8733719250055194
1518,0.3183344304992908,0.8929088284758859
1519,0.31840748625622817,0.8798842262773197
1520,0.34139085449979206,0.8661360353360817
1521,0.34195940509201306,0.8733719252642951
1522,0.36045750527064463,0.8603473209092655
1523,0.3538655856928846,0.863965266347794
1524,0.33579258523698136,0.8740955141794837
1525,0.3491320728220574,0.8552822006594082
1526,0.3408482804916012,0.8683068002702186
1527,0.3499401840131983,0.8675832132527176
1528,0.33959618456629354,0.8784370481881667
1529,0.3443943187055298,0.8726483341063845
1530,0.3666466026420014,0.8567293762470637
1531,0.3382956491063542,0.8762662810975667
1532,0.3345572226471908,0.8777134592729781
1533,0.3449579366036676,0.8654124440056543
1534,0.35146830029321996,0.858176554077441
1535,0.3278872524691387,0.8820549931954026
1536,0.34185691749307767,0.868306800011443
1537,0.35953853323559687,0.8567293758157711
1538,0.3309769665798126,0.8769898680288091
1539,0.34204378085785075,0.8777134571165148
1540,0.3247078851447609,0.8798842239483393
1541,0.3455157415394155,0.8646888573331875
1542,0.32868259834656666,0.8806078151925083
1543,0.36192777675243604,0.8690303890128902
1544,0.3651576064171218,0.8683068003564771
1545,0.3284765459090342,0.890014472125063
1546,0.35179216113863393,0.8726483343651602
1547,0.34322623380186246,0.8661360354223403
1548,0.3780847155582025,0.8625180878273485
1549,0.35033264657005386,0.8646888575057045
1550,0.32631831235547487,0.8791606352919262
1551,0.3446242886065747,0.8719247474339178
1552,0.3433977487980888,0.8712011585187291
1553,0.3366292180269741,0.8697539801708006
1554,0.3402820780722346,0.8726483341063845
1555,0.35685093418389086,0.8733719231940903
1556,0.34742146070545216,0.870477569517282
1557,0.32454529831619927,0.8813314022100093
1558,0.3347509090617493,0.8733719229353147
1559,0.34778011470558673,0.8740955140932252
1560,0.33068593508427807,0.8871201143078452
1561,0.38305635851647507,0.8560057895745968
1562,0.3431197321621968,0.8755426901121733
1563,0.33214916700737174,0.8769898679425506
1564,0.3585247825696396,0.85890014532161
1565,0.33903392640450586,0.8719247451049374
1566,0.3499290777529373,0.8740955119367618
1567,0.3058702040857241,0.8929088261469056
1568,0.3108971760690471,0.8885672942084273
1569,0.33835276900945627,0.8740955142657422
1570,0.32836501738096974,0.8748191032671894
1571,0.34410520374516157,0.8748191034397065
1572,0.33954324507506295,0.8748191012832431
1573,0.34147596430416216,0.8748191030946724
1574,0.34612325196155763,0.8683068024266819
1575,0.31887312291672537,0.8827785802129036
1576,0.32951058026850655,0.8871201162917914
1577,0.32906542931900357,0.8733719231940903
1578,0.34414651183419565,0.8791606348606336
1579,0.36074670752464605,0.8704775671883016
1580,0.3421769121017539,0.8704775671883016
1581,0.35237802955417663,0.8762662791136204
1582,0.3389964742443151,0.8719247449324203
1583,0.3646006883484582,0.876989870271531
1584,0.3541350225808824,0.8748191012832431
1585,0.32890799520847247,0.8784370482744253
1586,0.3422618727866889,0.8719247473476592
1587,0.3506774576717796,0.8712011559309731
1588,0.3382441359214948,0.875542692182378
1589,0.35891226041851787,0.8632416795028102
1590,0.32615320684250804,0.8806078131223035
1591,0.35453819025270156,0.8733719227627976
1592,0.3156660827990034,0.883502171198297
1593,0.32331661295614783,0.8748191011969847
1594,0.3222087764446711,0.8755426900259148
1595,0.3297487075956789,0.8712011560172317
1596,0.3521003780937747,0.8610709124122101
1597,0.33551718659062807,0.8798842240345979
1598,0.33133212510393945,0.8806078151925083
1599,0.3401070168584197,0.870477567102043
1600,0.3346565856171068,0.8733719255230706
1601,0.3179007684097621,0.8835021713708141
1602,0.3138432115445779,0.8740955145245178
1603,0.3446625025158508,0.8683068000977016
1604,0.32921744764454974,0.8820549911251979
1605,0.3516423042793522,0.8589001454941271
1606,0.34105937706923867,0.8704775670157845
1607,0.32978291945416055,0.8813314044527311
1608,0.35348757579599205,0.8668596224398413
1609,0.32749224519936637,0.8719247454499716
1610,0.341400814082274,0.8755426900259148
1611,0.33390719931998575,0.8784370484469424
1612,0.349271290467893,0.8625180883448997
1613,0.3487376690600957,0.870477567102043
1614,0.34550057189854455,0.8690303911693534
1615,0.339072512303696,0.8690303892716658
1616,0.3352147301958197,0.8762662792861375
1617,0.36024626701337037,0.8697539781868544
1618,0.341405315440574,0.8690303888403731
1619,0.3269474778092546,0.8748191011969847
1620,0.3491745573911929,0.8646888571606703
1621,0.3372441803667204,0.8675832111825129
1622,0.32640525836675455,0.8719247474339178
1623,0.3573393569410106,0.8719247452774544
1624,0.37768442202062924,0.8589001452353515
1625,0.3665884181145476,0.8762662815288593
1626,0.3454468988216389,0.8719247473476592
1627,0.33344556621980737,0.8748191010244676
1628,0.34373481918864934,0.8654124440056543
1629,0.3460272215037201,0.8697539779280788
1630,0.3440285414759226,0.8769898682875847
1631,0.336260961727192,0.869030391428129
1632,0.3459412651365642,0.868306800011443
1633,0.3313968658835429,0.8748191029221553
1634,0.3537421462849839,0.8690303910830949
1635,0.3460331141258632,0.8690303913418705
1636,0.33593337628154785,0.8712011582599535
1637,0.3553953906561635,0.8712011561897488
1638,0.34216633900547166,0.8740955120230204
1639,0.32926451896793074,0.8791606349468921
1640,0.3517870709364735,0.8719247472614007
1641,0.34586783264549353,0.8784370482744253
1642,0.332073017976391,0.8762662788548449
1643,0.3537176682704092,0.8697539779280788
1644,0.35101028720480315,0.8683068000977016
1645,0.3204622809086453,0.8784370481019083
1646,0.36660820008531836,0.8668596242512704
1647,0.3422251148782832,0.8574529652485109
1648,0.3328080627145367,0.867583213166459
1649,0.32876412115462783,0.8777134572890319
1650,0.3189807895209786,0.8820549932816611
1651,0.33914478034773027,0.8733719252642951
1652,0.31209898111444134,0.8791606372758725
1653,0.3442956310536513,0.8762662793723961
1654,0.34879352098435984,0.8683068002702186
1655,0.34170051205865554,0.8697539781005958
1656,0.36344554377706284,0.8675832110962544
1657,0.33415193180789476,0.876989870271531
1658,0.329082605721464,0.8784370462042206
1659,0.34376093928531004,0.867583213166459
1660,0.34418696156458983,0.8726483342789016
1661,0.3272766517704372,0.8820549930228856
1662,0.3694480347909389,0.8581765561476458
1663,0.372327909930225,0.8581765541636995
1664,0.3405969254618616,0.8697539781005958
1665,0.3445072954280677,0.8719247471751421
1666,0.3544434820734471,0.8675832132527176
1667,0.37630959055703217,0.8567293760745467
1668,0.32806023097072773,0.879160637362131
1669,0.34164864195756045,0.8740955142657422
1670,0.3534433549288903,0.8632416795028102
1671,0.338401207487421,0.876989870271531
1672,0.3319534430800575,0.8755426901984318
1673,0.3440548177220887,0.8639652659165014
1674,0.3219582075751811,0.8798842264498367
1675,0.33050391487723324,0.8733719251780365
1676,0.33872199813294857,0.870477567102043
1677,0.36269058944865007,0.8552822002281156
1678,0.330602659287225,0.8726483342789016
1679,0.3281751081412159,0.8806078155375424
1680,0.35289308743607983,0.8683068024266819
1681,0.31931883239021525,0.8813314043664725
1682,0.34401083773193414,0.8769898682013262
1683,0.33588067732223037,0.8777134571165148
1684,0.3428334641646373,0.8704775671883016
1685,0.34243230830053173,0.8791606350331507
1686,0.3563415442637873,0.8697539799982835
1687,0.34467594974637894,0.8668596242512704
1688,0.3308436168861803,0.8740955119367618
1689,0.3309895943542983,0.874819100938209
1690,0.35044524517832204,0.8733719249192609
1691,0.36474536033684196,0.8596237341505402
1692,0.3406728466409333,0.8719247450186789
1693,0.35317085668250553,0.8639652685905158
1694,0.3446095273135885,0.86613603309336
1695,0.3494233536047459,0.8690303890991486
1696,0.36099327438647083,0.8683068021679062
1697,0.3309356579300981,0.8827785801266451
1698,0.3333110207241627,0.8798842264498367
1699,0.34275413810257976,0.8748191010244676
1700,0.3529246442138545,0.8639652683317403
1701,0.3656649175066334,0.8697539801708006
1702,0.3282236906277978,0.878437046117962
1703,0.3126418326163257,0.8784370483606838
1704,0.318835319231457,0.8871201140490697
1705,0.3410174282949671,0.874819100938209
1706,0.3463477067077902,0.8777134570302563
1707,0.3129644123931697,0.8820549910389394
1708,0.32909016136495145,0.879884226018544
1709,0.35133535213304845,0.8791606349468921
1710,0.3450468751438792,0.8704775694310234
1711,0.33539835054174,0.8762662811838252
1712,0.34125582694834805,0.8748191010244676
1713,0.3474735418380428,0.869753978273113
1714,0.3246942237127362,0.8842257581295394
1715,0.332178876946873,0.8740955121955375
1716,0.3280441036445187,0.8632416772600884
1717,0.34452525535989253,0.8726483341063845
1718,0.3261056582506762,0.8806078131223035
1719,0.3384377159361556,0.8712011582599535
1720,0.33963166955756036,0.8726483341926431
1721,0.35453921107928416,0.8740955143520007
1722,0.34915158713260713,0.8755426900259148
1723,0.33813172294158494,0.8740955143520007
1724,0.3273861667009235,0.8806078153650253
1725,0.3254308415045786,0.879160637362131
1726,0.35004899138652124,0.863965266175277
1727,0.3618016539710303,0.8523878442223268
1728,0.3269049337217328,0.8849493471309866
1729,0.3460137402010723,0.8719247473476592
1730,0.3559554035946533,0.862518090501363
1731,0.3262648596259861,0.8806078131223035
1732,0.32390378857659535,0.8755426926136707
1733,0.34402859064328517,0.8755426922686366
1734,0.32631466577608575,0.8806078154512839
1735,0.31128009506831467,0.8878437031367753
1736,0.34630806258894425,0.8712011585187291
1737,0.3568828596306261,0.8625180883448997
1738,0.3302711077605936,0.883502171198297
1739,0.36910815392492824,0.861070912239693
1740,0.3597492215084788,0.8625180901563289
1741,0.3318418433024466,0.8762662813563423
1742,0.32897545231233977,0.8704775692585063
1743,0.33728235274251395,0.8769898680288091
1744,0.3077690939051025,0.8827785801266451
1745,0.34788231575368284,0.871201158346212
1746,0.3398381403058379,0.8748191011107261
1747,0.3292973026870474,0.8835021692143508
1748,0.3166625596766189,0.8871201141353281
1749,0.3498582350879951,0.8632416790715175
1750,0.3432605527071808,0.8755426898533977
1751,0.32736498954154647,0.8755426923548951
1752,0.3543219393396861,0.8690303913418705
1753,0.3314440549282538,0.8820549908664224
1754,0.34918676853697483,0.8726483339338675
1755,0.3332483216408538,0.8798842261910611
1756,0.33381761049827513,0.8784370459454449
1757,0.3764111475126788,0.8589001452353515
1758,0.35355802343999254,0.8632416795028102
1759,0.3221085019808602,0.8777134572890319
1760,0.34102158612866823,0.8863965272903442
1761,0.3332920298735071,0.8777134569439977
1762,0.35584093891245927,0.870477569517282
1763,0.32990409228977696,0.8863965272903442
1764,0.3379634614661875,0.8755426920961195
1765,0.3386230835348756,0.8762662791136204
1766,0.3577995959308144,0.8668596241650119
1767,0.3337305659150594,0.8878437029642583
1768,0.3225125213262831,0.8856729361324338
1769,0.3200291204124732,0.8900144700548583
1770,0.34704629147449556,0.8646888573331875
1771,0.3424796481035898,0.8668596221810657
1772,0.3388201860028997,0.8798842261910611
1773,0.3287097643063486,0.8813314043664725
1774,0.34518905219051843,0.8654124463346347
1775,0.34392870580925783,0.8690303890128902
1776,0.33343397932701274,0.8784370457729279
1777,0.30443195573845405,0.8929088283033688
1778,0.336676754111319,0.8740955123680545
1779,0.32514811791317855,0.8777134571165148
1780,0.3530513864608991,0.8719247451049374
1781,0.3505076171692822,0.8712011563622658
1782,0.3644102096730134,0.8567293763333222
1783,0.35099475424300053,0.8589001432514053
1784,0.33550630938989556,0.870477567102043
1785,0.3128827787860258,0.8769898680288091
1786,0.34087091641212164,0.8704775670157845
1787,0.34304461844923184,0.8784370462042206
1788,0.32451407242614866,0.8806078154512839
1789,0.3487529952602,0.8661360331796185
1790,0.3461875449299985,0.8755426901984318
1791,0.3393018609276729,0.8733719231078317
1792,0.38001002144882545,0.8502170749752636
1793,0.34342311842396706,0.8697539800845421
1794,0.3477749893962043,0.8712011561897488
1795,0.3333634602609488,0.8791606374483896
1796,0.33759294517133415,0.8704775693447648
1797,0.3529548855921639,0.8632416770013127
1798,0.3354791616306636,0.8748191010244676
1799,0.32657501325766014,0.8777134592729781
1800,0.35218931059588915,0.8740955144382593
1801,0.3393319741689348,0.8733719252642951
1802,0.3537210537452256,0.8675832135114933
1803,0.3418543126579649,0.8762662787685863
1804,0.34140724599275163,0.8675832132527176
1805,0.3053208801318526,0.8943560061337461
1806,0.33910917131669616,0.8777134569439977
1807,0.3215126368916673,0.8835021692143508
1808,0.34353211271952616,0.8719247471751421
1809,0.3443636176555098,0.8740955145245178
1810,0.3365409559261609,0.8733719229353147
1811,0.33505227743457955,0.8733719252642951
1812,0.33153008698727043,0.8755426923548951
1813,0.33881001215422724,0.8784370459454449
1814,0.32989124865331804,0.8733719230215732
1815,0.3356603259374367,0.8798842239483393
1816,0.34476000633408815,0.8719247470026251
1817,0.33556153606919925,0.8726483363491064
1818,0.35581177015898025,0.8617944989121599
1819,0.34842860004318776,0.8748191031809308
1820,0.3575868250750943,0.8589001430788882
1821,0.3176176764944355,0.8856729360461753
1822,0.34728443359500594,0.8719247452774544
1823,0.3342790109807606,0.8827785822831083
1824,0.3424031696944092,0.8762662812700838
1825,0.3572863430949265,0.8777134572027734
1826,0.3318753324006987,0.8712011561034902
1827,0.34172803844970834,0.8712011584324706
1828,0.32550291654515023,0.8849493469584695
1829,0.3443383692228673,0.8697539801708006
1830,0.3447548563763305,0.8646888571606703
1831,0.3567288366136951,0.8675832110962544
1832,0.35073641283294743,0.8733719254368121
1833,0.3478988327959339,0.8661360353360817
1834,0.35675897642258453,0.8697539781005958
1835,0.3447047157156485,0.8712011561034902
1836,0.3176279025295191,0.8791606371896139
1837,0.3360591634310103,0.8798842262773197
1838,0.35561834515089924,0.8740955144382593
1839,0.334155677541465,0.8769898679425506
1840,0.3314227212096434,0.878437046117962
1841,0.36119905666228486,0.8639652658302429
1842,0.34586720110366037,0.8675832134252347
1843,0.3393430354885013,0.879160637362131
1844,0.32883456991998916,0.8777134571165148
1845,0.3517656925790734,0.8697539785318885
1846,0.33075444786317443,0.872648333847609
1847,0.31729081643990603,0.8806078153650253
1848,0.3330188452679928,0.8798842240345979
1849,0.3468925082994094,0.8683068024266819
1850,0.3373961727284488,0.8748191036122235
1851,0.3384513120489079,0.8675832133389761
1852,0.3357426523084061,0.884949346872211
1853,0.3284052402082987,0.8762662791136204
1854,0.32142699351359033,0.8755426922686366
1855,0.34027054237387805,0.8769898682013262
1856,0.3472322384717668,0.8683068024266819
1857,0.35705462693305506,0.8683068002702186
1858,0.3448224495099008,0.8690303891854072
1859,0.34172481596038584,0.8654124440056543
1860,0.31995401679175633,0.8820549909526808
1861,0.3555984445746487,0.8654124442644299
1862,0.34325437987420043,0.8712011585187291
1863,0.32198303226279107,0.873371925091778
1864,0.3355860057166965,0.8719247448461618
1865,0.3493107706955304,0.86613603309336
1866,0.35104962221620395,0.8748191034397065
1867,0.3454594421490229,0.8712011562760072
1868,0.31557151886557705,0.8863965249613639
1869,0.34861340230349697,0.8697539803433176
1870,0.3205903936312271,0.8784370482744253
1871,0.32725809706447784,0.8762662813563423
1872,0.33367119127865635,0.870477567102043
1873,0.3351553938150751,0.8712011561034902
1874,0.33836761160110773,0.8697539781005958
1875,0.353226964622089,0.8740955119367618
1876,0.3519987221995932,0.8668596242512704
1877,0.3684809454184365,0.8610709099107127
1878,0.33818220949897543,0.8712011582599535
1879,0.3589555449061387,0.8625180903288459
1880,0.3224641914478087,0.8885672921382225
1881,0.3529910741942664,0.8589001429926296
1882,0.3345521869604218,0.875542692182378
1883,0.31525705463634385,0.8820549930228856
1884,0.31427357308081366,0.8856729360461753
1885,0.33229598605684535,0.8813314022100093
1886,0.33563416872804314,0.8712011559309731
1887,0.3285008709009753,0.8719247474339178
1888,0.35229004102229383,0.8654124461621175
1889,0.3472450203039884,0.8748191032671894
1890,0.36554629602584066,0.8639652659165014
1891,0.33882586388443037,0.8675832110099958
1892,0.3583229125926187,0.8610709126709857
1893,0.3390410065909715,0.8769898681150676
1894,0.36293683486805983,0.8596237319940768
1895,0.3266462992914506,0.878437046117962
1896,0.33760163317368447,0.8683068003564771
1897,0.34542314279096686,0.8712011580011779
1898,0.3544044648169091,0.8733719231940903
1899,0.32472750570425596,0.8791606348606336
1900,0.33827624514203,0.8755426923548951
1901,0.3283882948061837,0.8856729363049508
1902,0.3585925398100647,0.8675832136840103
1903,0.3520999094511769,0.8777134592729781
1904,0.3251969631001159,0.8769898682013262
1905,0.33494110864771776,0.876266279199879
1906,0.33700445419455055,0.8740955121955375
1907,0.31412331667201737,0.8849493491149328
1908,0.32902821294650675,0.8654124464208931
1909,0.351925122065068,0.8704775694310234
1910,0.34296495283046785,0.8719247451911959
1911,0.33773049233446245,0.8755426901984318
1912,0.37441485231761135,0.8567293783172685
1913,0.3539223450137634,0.8704775671883016
1914,0.31597552477623375,0.8885672940359102
1915,0.34629579753158063,0.8639652660890185
1916,0.33391981268929677,0.8683068000977016
1917,0.34098110310248114,0.8820549936266953
1918,0.34467004069198576,0.8704775672745602
1919,0.3284994558297777,0.884225758215798
1920,0.32484334491613803,0.887843703395551
1921,0.359532114436416,0.8632416794165516
1922,0.32286406374184684,0.876266279027362
1923,0.3574622748729634,0.8712011560172317
1924,0.3582946922085565,0.8683068004427357
1925,0.3458662142629389,0.8683067999251844
1926,0.3360654822134247,0.881331404107697
1927,0.34328394662454054,0.8690303894441829
1928,0.3426887270510628,0.8712011586912461
1929,0.34690093959637214,0.8712011559309731
1930,0.33312590504348194,0.8798842241208563
1931,0.32477233594474847,0.8791606372758725
1932,0.30323007638133553,0.8921852393019216
1933,0.33863668529756163,0.8871201139628111
1934,0.341940875789191,0.8798842261048025
1935,0.3309425373498334,0.8791606352056677
1936,0.344021261428441,0.867583213166459
1937,0.32830981619106187,0.8762662813563423
1938,0.3478283381841635,0.8654124462483761
1939,0.3574132522953574,0.8704775693447648
1940,0.32140672017109895,0.8914616479714942
1941,0.31920586409944873,0.883502171198297
1942,0.31877900105826934,0.8748191032671894
1943,0.3344024846332981,0.876989870271531
1944,0.345644789131954,0.8697539781868544
1945,0.339783884423169,0.876989870271531
1946,0.34844670704580766,0.8654124441781713
1947,0.34601622854403924,0.8726483361765893
1948,0.3735896969583376,0.8625180901563289
1949,0.35286085887686736,0.8668596242512704
1950,0.32708416404755175,0.8813314041939555
1951,0.35235834949786,0.8719247472614007
1952,0.3512478726558851,0.8712011582599535
1953,0.3234291358078613,0.8827785821968498
1954,0.32858814547099874,0.881331404280214
1955,0.32637193747263743,0.8784370460317035
1956,0.33847049866329915,0.8755426904572075
1957,0.31159187760608414,0.8798842241208563
1958,0.34254910463707144,0.8784370482744253
1959,0.3620046513039193,0.8639652684179988
1960,0.33014221927191517,0.8791606348606336
1961,0.3423956244450747,0.8661360350773062
1962,0.3282296317272352,0.8827785801266451
1963,0.34120559355974545,0.8849493471309866
1964,0.3390502291805665,0.8806078132085621
1965,0.32430599563028634,0.884949349459967
1966,0.3271423907338624,0.8777134572027734
1967,0.33660686201538603,0.8762662812700838
1968,0.3519775618606297,0.8726483340201261
1969,0.36187119564168185,0.8625180881723826
1970,0.34935211669518873,0.8661360354223403
1971,0.3362828329227078,0.8748191033534479
1972,0.3271453541025584,0.8813314044527311
1973,0.3379649100703889,0.8719247451911959
1974,0.3250013665766516,0.8885672943809443
1975,0.3581051245525846,0.86830680018396
1976,0.3322292937211121,0.8726483362628479
1977,0.35129857727484143,0.8654124461621175
1978,0.33872660860829,0.8820549912114565
1979,0.32944198584591083,0.8835021690418338
1980,0.32964513706401877,0.8835021688693167
1981,0.34710714777368196,0.8777134570302563
1982,0.33570681268675456,0.8733719229353147
1983,0.3369899408085819,0.8748191031809308
1984,0.3430530627712327,0.871924745363713
1985,0.33634127859786345,0.8798842262773197
1986,0.3383540036278075,0.8784370462042206
1987,0.33312243408646147,0.8769898683738433
1988,0.3436727344385967,0.8654124442644299
1989,0.3219618802477758,0.8885672942946857
1990,0.33843507297477227,0.8740955144382593
1991,0.3501463253401468,0.8762662815288593
1992,0.3439541964127255,0.8733719231078317
1993,0.3120995005201845,0.890738059142564
1994,0.33663544986078947,0.8712011582599535
1995,0.3332117160650135,0.8755426922686366
1996,0.3189857063003628,0.8892908810534111
1997,0.3349837177094778,0.8784370459454449
1998,0.31692310499213366,0.8806078152787669
1999,0.3448679489872045,0.8661360351635647
